LEARNING_RATE,HIDDEN_CHANNELS,DROPOUT,WEIGHT_DECAY,MRR,Recall@1,Recall@5,Recall@10
0.00019232916200913807,512,0.2079543122821329,0.0020699478837358193,0.7404101979423493,0.638001638001638,0.8647283647283647,0.9141414141414141
5.1415587717976325e-05,768,0.3068761046756051,0.014386312877425653,0.6422140927227629,0.5301665301665301,0.7745017745017745,0.8359268359268359
0.00016488944046443057,256,0.2024790770621767,0.010893920474577452,0.49400766628208703,0.36964236964236963,0.6315861315861316,0.7280917280917281
0.00011953541751796493,1024,0.30578563782155355,0.0039365355620201575,0.9356365038059711,0.8961233961233961,0.9797979797979798,0.9867594867594868
8.281810983838174e-05,1024,0.22468074118624368,0.008413435734560543,0.9126211555319628,0.8660933660933661,0.9672399672399672,0.9792519792519793
7.30613709735103e-05,512,0.4695685696224333,0.007527538189583617,0.48093316285665333,0.367048867048867,0.6045591045591046,0.6886431886431886
0.0004655061996693209,128,0.3726898783186706,0.005817900195082548,0.1894973460335953,0.09336609336609336,0.27996177996177996,0.39161889161889163
0.00014045736961236518,1024,0.44967532640750163,0.0023868644685067484,0.9181556187807742,0.8738738738738738,0.9691509691509691,0.9808899808899809
0.0005476494998933716,256,0.3755914410315757,0.013211128803763678,0.5181694059770777,0.39161889161889163,0.6640731640731641,0.7604422604422605
